{
  "eye_centers_3d": {
    "0": [
      20.03077274572938,
      12.035429053485945,
      -18.72400257555699
    ],
    "1": [
      -40.798584296185005,
      12.278349994902118,
      -17.69246911865165
    ]
  },
  "gaze_normals_3d": {
    "0": [
      -0.4092154977155903,
      -0.30606643505006825,
      0.8595731578900797
    ],
    "1": [
      -0.02218795835989587,
      -0.2996347273560352,
      0.9537959554674649
    ]
  },
  "gaze_point_3d": [
    -43.97329436579069,
    -32.91377662737574,
    116.76879646639063
  ],
  "norm_pos": [
    0.28172611795595137,
    0.7309885987503385
  ],
  "topic": "gaze.3d.01.",
  "confidence": 0.867741769832602,
  "timestamp": 114301.499166,
  "base_data": [
    {
      "circle_3d": {
        "center": [
          -8.709304630284713,
          4.1774720241624586,
          34.46776884908108
        ],
        "normal": [
          -0.5898956534614164,
          0.17508544815923535,
          -0.7882691189373133
        ],
        "radius": 3.1795732544572077
      },
      "confidence": 0.9986696146158066,
      "timestamp": 114301.49076,
      "diameter_3d": 6.3591465089144155,
      "ellipse": {
        "center": [
          25.316778010091653,
          130.109260699443
        ],
        "axes": [
          32.382396017628935,
          52.37785787659573
        ],
        "angle": -18.09734950390083
      },
      "location": [
        25.316778010091653,
        130.109260699443
      ],
      "diameter": 52.37785787659573,
      "sphere": {
        "center": [
          -1.6305567887477166,
          2.0764466462516338,
          43.926998276328845
        ],
        "radius": 12
      },
      "projected_sphere": {
        "center": [
          85.48513466497337,
          109.39024620999064
        ],
        "axes": [
          154.76723643244068,
          154.76723643244068
        ],
        "angle": 90
      },
      "model_confidence": 0.3889583897701221,
      "model_id": 30,
      "model_birth_timestamp": 114229.990821,
      "theta": 1.7467888830532858,
      "phi": -2.2132360924884655,
      "norm_pos": [
        0.13185821880256068,
        0.32234760052373435
      ],
      "topic": "pupil.0.3d",
      "id": 0,
      "method": "3d c++"
    },
    {
      "circle_3d": {
        "center": [
          0.9007801710489205,
          -7.183672230697619,
          35.29806116800019
        ],
        "normal": [
          -0.22113615278678384,
          -0.16259802648190871,
          -0.9615927847664254
        ],
        "radius": 3.498533452517562
      },
      "confidence": 0.7368139250493972,
      "timestamp": 114301.507572,
      "diameter_3d": 6.997066905035124,
      "ellipse": {
        "center": [
          103.82633605560324,
          38.74328746093684
        ],
        "axes": [
          52.04976158513374,
          56.65089924615008
        ],
        "angle": 54.04462043828713
      },
      "location": [
        103.82633605560324,
        38.74328746093684
      ],
      "diameter": 56.65089924615008,
      "sphere": {
        "center": [
          3.5544140044903263,
          -5.232495912914714,
          46.83717458519729
        ],
        "radius": 12
      },
      "projected_sphere": {
        "center": [
          117.49693957661127,
          64.35409484300574
        ],
        "axes": [
          145.1509444839277,
          145.1509444839277
        ],
        "angle": 90
      },
      "model_confidence": 0.05384710093097045,
      "model_id": 27,
      "model_birth_timestamp": 114212.326744,
      "theta": 1.4074731755180496,
      "phi": -1.7968348984153886,
      "norm_pos": [
        0.5407621669562669,
        0.7982120444742873
      ],
      "topic": "pupil.1.3d",
      "id": 1,
      "method": "3d c++"
    }
  ]
}