{
  "eye_center_3d": [
    103.26921890081314,
    -84.03398392658919,
    -99.89745454444554
  ],
  "gaze_normal_3d": [
    -0.49405700818544945,
    -0.0483094838636777,
    0.8680863242971101
  ],
  "gaze_point_3d": [
    -143.7592851919116,
    -108.18872585842806,
    334.1457076041095
  ],
  "norm_pos": [
    0.2576707111735333,
    0.7646781366434942
  ],
  "topic": "gaze.3d.0.",
  "confidence": 0.9989116277448433,
  "timestamp": 114301.458517,
  "base_data": [
    {
      "circle_3d": {
        "center": [
          -8.777878904306277,
          4.2237229153245295,
          34.529924731829794
        ],
        "normal": [
          -0.5956101762965468,
          0.17893968908940797,
          -0.7830894620415872
        ],
        "radius": 3.184236930030925
      },
      "confidence": 0.9989116277448433,
      "timestamp": 114301.458517,
      "diameter_3d": 6.36847386006185,
      "ellipse": {
        "center": [
          24.879553928810765,
          130.4253482769679
        ],
        "axes": [
          31.94411461833693,
          52.36177621161693
        ],
        "angle": -18.24879778134816
      },
      "location": [
        24.879553928810765,
        130.4253482769679
      ],
      "diameter": 52.36177621161693,
      "sphere": {
        "center": [
          -1.6305567887477166,
          2.0764466462516338,
          43.926998276328845
        ],
        "radius": 12
      },
      "projected_sphere": { 
        "center": [
          85.48513466497337,
          109.39024620999064
        ],
        "axes": [
          154.76723643244068,
          154.76723643244068
        ],
        "angle": 90
      },
      "model_confidence": 0.3806326560733986,
      "model_id": 30,
      "model_birth_timestamp": 114229.990821,
      "theta": 1.750704967171353,
      "phi": -2.221040787073153,
      "norm_pos": [
        0.1295810100458894,
        0.3207013110574589
      ],
      "topic": "pupil.0.3d",
      "id": 0,
      "method": "3d c++"
    }
  ]
}